CLIP_promptsimilarity,0.98662109375
CLIP_imgsimilarity,0.7582737513950892
