CLIP_promptsimilarity,0.997802734375
CLIP_imgsimilarity,0.7657552083333333
