CLIP_promptsimilarity,0.99501953125
CLIP_imgsimilarity,0.7784098307291667
