CLIP_promptsimilarity,0.996826171875
CLIP_imgsimilarity,0.7688197544642857
