CLIP_promptsimilarity,0.908734130859375
CLIP_imgsimilarity,0.811962890625
