CLIP_promptsimilarity,0.99677734375
CLIP_imgsimilarity,0.7581386021205357
