CLIP_promptsimilarity,0.99560546875
CLIP_imgsimilarity,0.7562116350446428
