CLIP_promptsimilarity,0.992431640625
CLIP_imgsimilarity,0.7934244791666667
