CLIP_promptsimilarity,0.993896484375
CLIP_imgsimilarity,0.7662013462611608
