CLIP_promptsimilarity,0.997412109375
CLIP_imgsimilarity,0.8295318603515625
