CLIP_promptsimilarity,0.988037109375
CLIP_imgsimilarity,0.814239501953125
