CLIP_promptsimilarity,0.99638671875
CLIP_imgsimilarity,0.7713822798295454
